student_id,name,gender,age,attendance_percentage,study_hours_per_day,js,py,ds
1,Rahul Sharma,M,15,90%,4,12,13,12
2,Priya Patel,F,16,96%,2,13,12,10
3,Amit Kumar,M,15,78%,3,7,10,6
4,Sneha Singh,F,16,80%,4.5,9,8,9
5,Vikram Yadav,M,17,85%,4,10,9,8
6,Ananya Gupta,F,15,94%,5,11,10,10
7,Rohan Mehta,M,16,70%,2.5,10,16,14
8,Kavya Joshi,F,15,98%,6,7,14,16
9,Arjun Nair,M,16,82%,3.5,16,12,18
10,Neha Verma,F,17,90%,5,13,18,12
11,Siddharth Rao,M,15,75%,3,18,18,13
12,Isha Desai,F,16,95%,6.5,19,19,14
13,Devansh Tiwari,M,16,88%,4.5,10,20,18
14,Shruti Kapoor,F,15,80%,3.5,20,20,10
15,Yash Thakur,M,17,93%,5.5,11,8,5
16,Aarohi Reddy,F,16,97%,6,5,9,14
17,Harsh Pandey,M,15,68%,2,9,5,17
18,Manya Malhotra,F,16,91%,5,15,12,18
19,Krishna Iyer,M,17,84%,4,17,14,2
20,Riya Choudhary,F,15,99%,7.5,19,16,20
